Rk,Player,Age,Team,Pos,G,GS,MP,FG,FGA,FG%,3P,3PA,3P%,2P,2PA,2P%,eFG%,FT,FTA,FT%,ORB,DRB,TRB,AST,STL,BLK,TOV,PF,PTS,Awards,Player-additional
,,,,,,,,,,,,,,,,,,,,,,,,,,,,,,,-9999
1,Luka Dončić,24,DAL,PG,22,22,900,225,504,.446,68,211,.322,157,293,.536,.514,117,153,.765,16,192,208,178,41,8,90,56,635,,doncilu01
2,Kyrie Irving,31,DAL,SG,22,22,879,186,398,.467,53,136,.390,133,262,.508,.534,62,73,.849,22,59,81,113,23,7,51,62,487,,irvinky01
3,Jayson Tatum,25,BOS,PF,19,19,768,159,372,.427,39,138,.283,120,234,.513,.480,118,137,.861,17,167,184,119,20,13,50,54,475,,tatumja01
4,Jaylen Brown,27,BOS,SF,19,19,707,175,339,.516,36,110,.327,139,229,.607,.569,68,103,.660,22,91,113,62,23,12,51,51,454,Finals MVP-1,brownja02
5,Anthony Edwards,22,MIN,SG,16,16,649,156,324,.481,46,115,.400,110,209,.526,.552,83,102,.814,18,94,112,104,24,9,52,37,441,,edwaran01
6,Jalen Brunson,27,NYK,PG,13,13,518,151,340,.444,26,84,.310,125,256,.488,.482,93,120,.775,8,35,43,97,10,2,35,26,421,,brunsja01
7,Pascal Siakam,29,IND,PF,17,17,603,157,290,.541,14,47,.298,143,243,.588,.566,39,63,.619,42,86,128,64,13,7,19,48,367,,siakapa01
8,Nikola Jokić,28,DEN,C,12,12,482,133,244,.545,14,53,.264,119,191,.623,.574,64,71,.901,43,118,161,104,17,8,40,32,344,,jokicni01
9,Derrick White,29,BOS,SG,19,19,676,109,241,.452,65,161,.404,44,80,.550,.587,35,38,.921,19,62,81,77,18,23,16,44,318,,whitede01
10,Karl-Anthony Towns,28,MIN,PF,16,16,522,108,232,.466,30,83,.361,78,149,.523,.530,59,69,.855,35,109,144,42,12,3,27,55,305,,townska01
11,Shai Gilgeous-Alexander,25,OKC,PG,10,10,399,111,224,.496,16,37,.432,95,187,.508,.531,64,81,.790,8,64,72,64,13,17,22,31,302,,gilgesh01
12,Donovan Mitchell,27,CLE,SG,10,10,382,107,225,.476,29,82,.354,78,143,.545,.540,53,65,.815,6,48,54,47,13,3,28,29,296,,mitchdo01
13,Myles Turner,27,IND,C,17,17,550,106,205,.517,39,86,.453,67,119,.563,.612,38,50,.760,26,87,113,36,8,25,33,44,289,,turnemy01
14,P.J. Washington,25,DAL,PF,22,22,785,100,234,.427,47,135,.348,53,99,.535,.528,39,55,.709,33,112,145,31,16,17,32,67,286,,washipj01
15,Tyrese Haliburton,23,IND,PG,15,15,522,105,215,.488,53,140,.379,52,75,.693,.612,17,20,.850,12,60,72,123,19,10,31,14,280,,halibty01
16,Andrew Nembhard,24,IND,PG,17,17,554,102,182,.560,29,60,.483,73,122,.598,.640,20,26,.769,14,42,56,94,6,4,23,56,253,,nembhan01
17,Jrue Holiday,33,BOS,PG,19,19,720,97,193,.503,35,87,.402,62,106,.585,.593,21,22,.955,37,79,116,83,21,12,29,40,250,,holidjr01
18,Jamal Murray,26,DEN,PG,12,12,462,100,249,.402,23,73,.315,77,176,.438,.448,24,26,.923,9,43,52,67,10,6,31,28,247,,murraja01
19,Donte DiVincenzo,27,NYK,SG,13,13,466,80,191,.419,45,106,.425,35,85,.412,.537,26,30,.867,13,39,52,34,16,12,16,29,231,,divindo01
20,Derrick Jones Jr.,26,DAL,SF,22,22,647,77,160,.481,24,65,.369,53,95,.558,.556,22,30,.733,33,43,76,27,11,21,18,54,200,,jonesde02
21,T.J. McConnell,31,IND,PG,17,0,348,90,185,.486,7,26,.269,83,159,.522,.505,13,15,.867,11,41,52,86,15,2,21,26,200,,mccontj01
22,Joel Embiid,29,PHI,C,6,6,248,59,133,.444,13,39,.333,46,94,.489,.492,67,78,.859,19,46,65,34,7,9,25,20,198,,embiijo01
23,Daniel Gafford,25,DAL,PF,22,22,445,78,123,.634,0,0,,78,123,.634,.634,41,65,.631,42,80,122,15,6,33,19,38,197,,gaffoda01
24,Jaden McDaniels,23,MIN,SF,16,16,537,72,140,.514,24,56,.429,48,84,.571,.600,27,35,.771,28,33,61,18,14,18,17,54,195,,mcdanja02
25,Evan Mobley,22,CLE,PF,12,12,422,81,146,.555,5,18,.278,76,128,.594,.572,25,36,.694,30,81,111,28,10,26,22,34,192,,mobleev01
26,Paolo Banchero,21,ORL,PF,7,7,262,68,149,.456,16,40,.400,52,109,.477,.510,37,49,.755,14,46,60,28,8,4,32,14,189,,banchpa01
27,Josh Hart,28,NYK,SF,13,13,548,66,150,.440,22,59,.373,44,91,.484,.513,35,48,.729,37,113,150,59,13,10,34,41,189,,hartjo01
28,Michael Porter Jr.,25,DEN,SF,12,12,443,68,146,.466,33,81,.407,35,65,.538,.579,20,26,.769,8,74,82,13,11,10,18,27,189,,portemi01
29,Darius Garland,24,CLE,PG,12,12,432,73,171,.427,25,71,.352,48,100,.480,.500,17,21,.810,1,42,43,69,13,2,27,33,188,,garlada01
30,Jalen Williams,22,OKC,PF,10,10,377,75,160,.469,15,39,.385,60,121,.496,.516,22,27,.815,13,55,68,54,17,5,19,21,187,,willija06
31,Obi Toppin,25,IND,PF,17,0,343,73,135,.541,20,56,.357,53,79,.671,.615,19,25,.760,10,65,75,29,6,6,14,21,185,,toppiob01
32,Rudy Gobert,31,MIN,C,15,15,512,64,104,.615,0,0,,64,104,.615,.615,53,79,.671,40,107,147,24,14,15,23,55,181,,goberru01
33,Tyrese Maxey,23,PHI,PG,6,6,267,66,138,.478,22,55,.400,44,83,.530,.558,25,28,.893,1,30,31,41,5,2,13,16,179,,maxeyty01
34,Aaron Nesmith,24,IND,SF,17,17,559,61,141,.433,22,79,.278,39,62,.629,.511,34,37,.919,19,65,84,37,11,9,23,66,178,,nesmiaa01
35,Naz Reid,24,MIN,C,16,0,361,65,142,.458,25,69,.362,40,73,.548,.546,22,31,.710,9,50,59,16,8,12,14,32,177,,reidna01
36,Mike Conley,36,MIN,PG,15,15,474,62,145,.428,30,76,.395,32,69,.464,.531,20,28,.714,10,48,58,86,21,3,20,38,174,,conlemi01
37,Al Horford,37,BOS,C,19,15,575,66,138,.478,35,95,.368,31,43,.721,.605,7,11,.636,35,98,133,40,15,16,12,28,174,,horfoal01
38,Aaron Gordon,28,DEN,PF,12,12,445,69,118,.585,11,27,.407,58,91,.637,.631,23,28,.821,36,51,87,53,10,7,18,28,172,,gordoaa01
39,Dereck Lively II,19,DAL,C,21,0,462,64,95,.674,1,1,1.000,63,94,.670,.679,36,61,.590,57,99,156,27,9,20,21,48,165,,livelde01
40,Chet Holmgren,21,OKC,C,10,10,345,59,119,.496,13,50,.260,46,69,.667,.550,25,33,.758,14,58,72,21,7,25,19,26,156,,holmgch01
41,Khris Middleton,32,MIL,SF,6,6,230,55,114,.482,11,31,.355,44,83,.530,.531,27,30,.900,12,43,55,28,3,1,14,25,148,,middlkh01
42,Miles McBride,23,NYK,PG,13,2,347,54,124,.435,25,68,.368,29,56,.518,.536,10,12,.833,7,22,29,25,7,2,11,30,143,,mcbrimi01
43,Anthony Davis,30,LAL,C,5,5,208,59,93,.634,0,5,.000,59,88,.670,.634,21,26,.808,15,63,78,20,2,8,11,19,139,,davisan02
44,LeBron James,39,LAL,PF,5,5,204,56,99,.566,10,26,.385,46,73,.630,.616,17,23,.739,4,30,34,44,12,5,19,11,139,,jamesle01
45,OG Anunoby,26,NYK,SF,9,9,324,56,111,.505,16,39,.410,40,72,.556,.577,8,13,.615,7,47,54,10,8,9,10,15,136,,anunoog01
46,Franz Wagner,22,ORL,SF,7,7,259,42,103,.408,9,34,.265,33,69,.478,.451,39,44,.886,10,38,48,31,5,9,9,20,132,,wagnefr01
47,James Harden,34,LAC,PG,6,6,242,40,89,.449,18,47,.383,22,42,.524,.551,29,32,.906,3,24,27,48,6,6,14,13,127,,hardeja01
48,Damian Lillard,33,MIL,PG,4,4,156,34,81,.420,20,48,.417,14,33,.424,.543,37,38,.974,2,11,13,20,4,0,9,8,125,,lillada01
49,Payton Pritchard,26,BOS,PG,19,0,355,44,105,.419,23,60,.383,21,45,.467,.529,11,12,.917,14,23,37,40,4,0,14,22,122,,pritcpa01
50,Paul George,33,LAC,PF,6,6,222,39,95,.411,18,49,.367,21,46,.457,.505,21,25,.840,3,38,41,29,7,3,14,22,117,,georgpa01
51,Nickeil Alexander-Walker,25,MIN,SG,16,1,378,41,112,.366,24,81,.296,17,31,.548,.473,10,10,1.000,5,23,28,37,10,7,15,24,116,,alexani01
52,Max Strus,27,CLE,SF,12,12,434,42,103,.408,25,72,.347,17,31,.548,.529,5,5,1.000,8,56,64,35,9,0,15,41,114,,strusma01
53,Bam Adebayo,26,MIA,C,5,5,192,48,97,.495,2,10,.200,46,87,.529,.505,15,21,.714,11,36,47,19,2,0,8,15,113,,adebaba01
54,Caris LeVert,29,CLE,SG,11,1,278,44,102,.431,6,33,.182,38,69,.551,.461,17,26,.654,8,32,40,25,9,6,14,14,111,,leverca01
55,Devin Booker,27,PHO,PG,4,4,166,32,65,.492,7,20,.350,25,45,.556,.546,39,41,.951,1,12,13,24,7,1,11,18,110,,bookede01
56,Isaiah Hartenstein,25,NYK,C,13,13,388,45,76,.592,1,2,.500,44,74,.595,.599,19,22,.864,49,53,102,46,4,12,19,41,110,,harteis01
57,Josh Green,23,DAL,SG,22,0,399,36,85,.424,23,59,.390,13,26,.500,.559,14,19,.737,21,35,56,23,17,3,7,29,109,,greenjo02
58,Luguentz Dort,24,OKC,SF,10,10,350,33,91,.363,25,64,.391,8,27,.296,.500,16,19,.842,19,27,46,20,13,2,11,42,107,,dortlu01
59,Kevin Durant,35,PHO,PF,4,4,168,37,67,.552,5,12,.417,32,55,.582,.590,28,34,.824,1,25,26,13,2,6,10,8,107,,duranke01
60,Brook Lopez,35,MIL,C,6,6,200,44,75,.587,10,23,.435,34,52,.654,.653,8,15,.533,11,15,26,11,0,8,9,10,106,,lopezbr01
61,Sam Hauser,26,BOS,SF,19,0,283,36,84,.429,27,71,.380,9,13,.692,.589,4,4,1.000,8,33,41,11,5,3,3,20,103,,hausesa01
62,Jalen Suggs,22,ORL,SG,7,7,232,33,82,.402,14,48,.292,19,34,.559,.488,23,30,.767,11,25,36,23,9,3,20,18,103,,suggsja01
63,Bobby Portis,28,MIL,PF,6,6,187,44,91,.484,3,12,.250,41,79,.519,.500,8,13,.615,16,52,68,6,3,1,9,13,99,,portibo01
64,Kentavious Caldwell-Pope,30,DEN,SG,12,12,420,34,86,.395,18,55,.327,16,31,.516,.500,11,11,1.000,5,30,35,31,17,5,10,37,97,,caldwke01
65,Ivica Zubac,26,LAC,C,6,6,192,42,70,.600,0,0,,42,70,.600,.600,13,20,.650,18,38,56,6,5,3,8,21,97,,zubaciv01
66,Alec Burks,32,NYK,SG,6,0,121,25,50,.500,12,28,.429,13,22,.591,.620,27,32,.844,4,16,20,6,1,1,0,6,89,,burksal01
67,Ben Sheppard,22,IND,SG,17,2,335,31,71,.437,19,50,.380,12,21,.571,.570,7,9,.778,10,41,51,17,8,1,11,32,88,,sheppbe01
68,Josh Giddey,21,OKC,SG,10,8,181,34,75,.453,12,34,.353,22,41,.537,.533,7,8,.875,7,29,36,21,2,4,12,9,87,,giddejo01
69,Kristaps Porziņģis,28,BOS,C,7,4,165,28,60,.467,10,29,.345,18,31,.581,.550,20,22,.909,4,27,31,8,5,11,5,15,86,,porzikr01
70,Tyler Herro,24,MIA,SG,5,5,185,30,78,.385,15,43,.349,15,35,.429,.481,9,10,.900,0,18,18,27,2,0,14,10,84,,herroty01
71,Austin Reaves,25,LAL,SG,5,5,174,30,63,.476,7,26,.269,23,37,.622,.532,17,19,.895,5,14,19,18,7,3,4,8,84,,reaveau01
72,Jaden Hardy,21,DAL,SG,19,0,129,29,68,.426,11,27,.407,18,41,.439,.507,11,15,.733,2,13,15,17,3,0,7,13,80,,hardyja02
73,Kelly Oubre Jr.,28,PHI,SF,6,6,224,31,64,.484,9,23,.391,22,41,.537,.555,8,11,.727,9,15,24,10,11,7,8,24,79,,oubreke01
74,Norman Powell,30,LAC,SG,6,0,179,26,61,.426,13,29,.448,13,32,.406,.533,12,15,.800,3,14,17,2,3,0,7,20,77,,powelno01
75,CJ McCollum,32,NOP,PG,4,4,148,31,74,.419,7,29,.241,24,45,.533,.466,2,2,1.000,2,17,19,19,7,3,16,14,71,,mccolcj01
76,D'Angelo Russell,27,LAL,PG,5,5,185,28,73,.384,14,44,.318,14,29,.483,.479,1,2,.500,1,13,14,21,4,1,9,6,71,,russeda01
77,Jarrett Allen,25,CLE,C,4,4,127,25,37,.676,0,0,,25,37,.676,.676,18,26,.692,15,40,55,5,5,4,5,8,68,,allenja01
78,Bradley Beal,30,PHO,SG,4,4,154,26,59,.441,10,23,.435,16,36,.444,.525,4,5,.800,6,5,11,18,3,1,13,15,66,,bealbr01
79,Isaac Okoro,23,CLE,SF,12,7,263,25,70,.357,9,35,.257,16,35,.457,.421,7,9,.778,5,16,21,13,11,4,11,30,66,,okorois01
80,Kyle Anderson,30,MIN,PF,15,1,231,26,57,.456,2,8,.250,24,49,.490,.474,10,12,.833,18,22,40,38,10,5,10,26,64,,anderky01
81,Isaiah Joe,24,OKC,SG,10,2,173,24,54,.444,16,39,.410,8,15,.533,.593,0,0,,4,18,22,10,5,0,5,10,64,,joeis01
82,Aaron Wiggins,25,OKC,SG,10,0,157,23,47,.489,6,20,.300,17,27,.630,.553,10,11,.909,9,23,32,10,6,3,9,8,62,,wiggiaa01
83,Christian Braun,22,DEN,SG,12,0,204,23,54,.426,4,18,.222,19,36,.528,.463,11,16,.688,9,23,32,9,2,5,1,18,61,,braunch01
84,Tim Hardaway Jr.,31,DAL,SF,14,0,178,22,58,.379,13,37,.351,9,21,.429,.491,4,8,.500,2,23,25,5,5,1,2,10,61,,hardati02
85,Caleb Martin,28,MIA,SF,5,5,176,21,45,.467,11,25,.440,10,20,.500,.589,5,5,1.000,5,13,18,7,3,0,3,14,58,,martica02
86,Jonas Valančiūnas,31,NOP,C,4,4,90,22,42,.524,0,1,.000,22,41,.537,.524,14,17,.824,18,26,44,5,2,0,10,9,58,,valanjo01
87,Brandon Ingram,26,NOP,SF,4,4,145,19,55,.345,2,8,.250,17,47,.362,.364,17,19,.895,1,17,18,13,4,5,9,8,57,,ingrabr01
88,Isaiah Jackson,22,IND,C,15,0,154,23,43,.535,0,0,,23,43,.535,.535,11,18,.611,21,27,48,7,3,13,4,24,57,,jacksis01
89,Terance Mann,27,LAC,SG,6,6,187,19,46,.413,10,22,.455,9,24,.375,.522,8,8,1.000,17,13,30,11,0,0,5,19,56,,mannte01
90,Marcus Morris,34,CLE,PF,9,1,138,22,48,.458,9,23,.391,13,25,.520,.552,2,3,.667,2,23,25,3,4,0,3,8,55,,morrima03
91,Tobias Harris,31,PHI,PF,6,6,218,22,51,.431,6,18,.333,16,33,.485,.490,4,4,1.000,9,34,43,9,1,3,3,11,54,,harrito02
92,Malik Beasley,27,MIL,SG,6,2,131,21,41,.512,11,25,.440,10,16,.625,.646,0,0,,1,14,15,4,4,0,3,9,53,,beaslma01
93,Wendell Carter Jr.,24,ORL,C,7,5,185,19,47,.404,7,25,.280,12,22,.545,.479,8,11,.727,9,35,44,9,5,4,5,20,53,,cartewe01
94,Herbert Jones,25,NOP,SF,4,4,141,16,41,.390,8,24,.333,8,17,.471,.488,12,12,1.000,6,14,20,10,5,1,11,15,52,,joneshe01
95,Jaime Jaquez Jr.,22,MIA,SF,4,4,123,21,52,.404,3,13,.231,18,39,.462,.433,6,7,.857,2,11,13,12,3,2,7,6,51,,jaqueja01
96,Patrick Beverley,35,MIL,PG,6,6,210,16,39,.410,4,11,.364,12,28,.429,.462,13,15,.867,4,16,20,33,6,4,6,16,49,,beverpa01
97,Maxi Kleber,32,DAL,C,13,0,219,16,39,.410,12,28,.429,4,11,.364,.564,4,6,.667,4,21,25,13,3,4,5,20,48,,klebima01
98,Precious Achiuwa,24,NYK,PF,9,2,184,21,43,.488,0,3,.000,21,40,.525,.488,5,13,.385,22,16,38,5,4,12,4,20,47,,achiupr01
99,Nikola Jović,20,MIA,PF,5,5,128,16,36,.444,9,22,.409,7,14,.500,.569,6,7,.857,2,31,33,11,5,3,6,9,47,,jovicni01
100,Trey Murphy III,23,NOP,SF,4,4,168,18,48,.375,10,30,.333,8,18,.444,.479,0,0,,3,23,26,9,5,6,8,12,46,,murphtr02
101,Markelle Fultz,25,ORL,PG,7,0,106,20,34,.588,0,1,.000,20,33,.606,.588,5,9,.556,7,7,14,8,3,0,8,12,45,,fultzma01
102,Jonathan Isaac,26,ORL,PF,7,3,147,16,39,.410,10,27,.370,6,12,.500,.538,2,2,1.000,10,24,34,3,5,9,4,7,44,,isaacjo01
103,Moritz Wagner,26,ORL,C,7,0,105,16,36,.444,2,9,.222,14,27,.519,.472,10,17,.588,11,20,31,2,6,3,8,21,44,,wagnemo01
104,Jaylin Williams,21,OKC,C,10,0,127,16,33,.485,9,22,.409,7,11,.636,.621,3,4,.750,4,28,32,15,4,3,3,11,44,,willija07
105,Dante Exum,28,DAL,PG,21,0,144,16,44,.364,7,20,.350,9,24,.375,.443,4,6,.667,3,14,17,12,3,1,5,9,43,,exumda01
106,Reggie Jackson,33,DEN,PG,12,0,117,16,48,.333,8,23,.348,8,25,.320,.417,2,2,1.000,2,13,15,12,2,1,8,12,42,,jacksre01
107,Kyle Lowry,37,PHI,PG,6,6,175,11,32,.344,8,24,.333,3,8,.375,.469,12,15,.800,6,15,21,24,6,4,4,23,42,,lowryky01
108,Cason Wallace,20,OKC,SG,10,0,198,16,41,.390,9,28,.321,7,13,.538,.500,1,2,.500,7,6,13,10,9,2,4,14,42,,wallaca01
109,Rui Hachimura,25,LAL,PF,5,5,152,15,38,.395,5,14,.357,10,24,.417,.461,4,8,.500,6,13,19,4,0,0,2,8,39,,hachiru01
110,Luke Kornet,28,BOS,C,13,0,133,14,21,.667,0,0,,14,21,.667,.667,11,13,.846,19,22,41,7,1,5,6,11,39,,kornelu01
111,Nicolas Batum,35,PHI,PF,6,0,170,12,29,.414,9,22,.409,3,7,.429,.569,5,8,.625,9,26,35,8,1,5,5,13,38,,batumni01
112,Russell Westbrook,35,LAC,PG,6,0,114,13,50,.260,4,17,.235,9,33,.273,.300,8,13,.615,6,19,25,10,7,3,10,11,38,,westbru01
113,Taurean Prince,29,LAL,PF,5,0,111,12,29,.414,5,17,.294,7,12,.583,.500,8,8,1.000,1,11,12,3,1,2,1,9,37,,princta02
114,Cole Anthony,23,ORL,PG,7,0,103,13,41,.317,2,13,.154,11,28,.393,.341,8,9,.889,2,13,15,9,4,1,5,16,36,,anthoco01
115,Naji Marshall,26,NOP,SF,4,0,84,12,28,.429,6,15,.400,6,13,.462,.536,6,6,1.000,3,8,11,5,2,2,2,9,36,,marshna01
116,Justin Holiday,34,DEN,SG,12,0,150,11,35,.314,11,29,.379,0,6,.000,.471,2,4,.500,1,19,20,4,6,0,3,16,35,,holidju01
117,Sam Merrill,27,CLE,SG,10,0,125,10,29,.345,10,27,.370,0,2,.000,.517,3,3,1.000,2,10,12,9,0,0,0,9,33,,merrisa01
118,Eric Gordon,35,PHO,SG,4,0,118,9,28,.321,7,17,.412,2,11,.182,.446,7,8,.875,1,6,7,5,5,2,4,5,32,,gordoer01
119,Delon Wright,31,MIA,PG,4,1,107,12,20,.600,6,10,.600,6,10,.600,.750,2,2,1.000,2,10,12,7,4,1,0,5,32,,wrighde01
120,Jusuf Nurkić,29,PHO,C,4,4,104,13,26,.500,0,2,.000,13,24,.542,.500,5,11,.455,13,20,33,11,6,6,6,15,31,,nurkiju01
121,Luka Garza,25,MIN,C,7,0,26,10,12,.833,2,3,.667,8,9,.889,.917,7,8,.875,2,4,6,1,0,0,0,0,29,,garzalu01
122,Georges Niang,30,CLE,PF,10,0,121,9,41,.220,3,23,.130,6,18,.333,.256,7,8,.875,3,9,12,4,4,2,7,18,28,,niangge01
123,Cameron Payne,29,PHI,PG,5,0,61,10,25,.400,8,18,.444,2,7,.286,.560,0,0,,0,6,6,7,1,4,3,10,28,,payneca01
124,Pat Connaughton,31,MIL,SF,6,0,124,11,25,.440,3,11,.273,8,14,.571,.500,2,2,1.000,3,20,23,13,6,1,3,6,27,,connapa01
125,Gary Harris,29,ORL,SG,6,6,159,8,28,.286,7,22,.318,1,6,.167,.411,2,2,1.000,5,7,12,4,7,3,2,18,25,,harriga01
126,Larry Nance Jr.,31,NOP,C,4,0,84,10,17,.588,1,4,.250,9,13,.692,.618,4,6,.667,15,18,33,7,2,0,7,9,25,,nancela02
127,Bojan Bogdanović,34,NYK,SF,4,0,51,7,24,.292,6,15,.400,1,9,.111,.417,4,7,.571,1,11,12,4,0,1,1,3,24,,bogdabo02
128,Haywood Highsmith,27,MIA,PF,5,0,126,10,28,.357,3,16,.188,7,12,.583,.411,1,1,1.000,2,12,14,8,1,1,4,14,24,,highsha01
129,Kawhi Leonard,32,LAC,SF,2,2,59,11,24,.458,0,5,.000,11,19,.579,.458,2,3,.667,3,13,16,4,4,1,4,3,24,,leonaka01
130,Buddy Hield,31,PHI,SG,4,0,51,7,17,.412,6,13,.462,1,4,.250,.588,2,2,1.000,2,3,5,2,0,1,2,4,22,,hieldbu01
131,Monte Morris,28,MIN,PG,9,0,67,9,30,.300,1,14,.071,8,16,.500,.317,2,2,1.000,1,5,6,9,2,1,0,6,21,,morrimo01
132,Royce O'Neale,30,PHO,SF,4,2,104,7,22,.318,6,18,.333,1,4,.250,.455,0,0,,5,14,19,4,1,0,2,11,20,,onealro01
133,Mason Plumlee,33,LAC,C,6,0,66,7,18,.389,0,0,,7,18,.389,.389,5,8,.625,7,13,20,4,3,2,2,13,19,,plumlma01
134,Patty Mills,35,MIA,PG,3,0,52,6,17,.353,3,11,.273,3,6,.500,.441,3,4,.750,1,0,1,3,1,0,1,2,18,,millspa02
135,Peyton Watson,21,DEN,SF,10,0,90,6,24,.250,3,12,.250,3,12,.250,.313,3,6,.500,2,13,15,4,0,6,3,9,18,,watsope01
136,Amir Coffey,26,LAC,SF,6,3,112,7,22,.318,3,11,.273,4,11,.364,.386,0,0,,2,8,10,2,2,1,5,6,17,,coffeam01
137,Drew Eubanks,26,PHO,C,3,0,37,7,12,.583,0,0,,7,12,.583,.583,3,3,1.000,0,4,4,0,2,1,2,6,17,,eubandr01
138,A.J. Green,24,MIL,SG,6,0,67,6,16,.375,2,11,.182,4,5,.800,.438,3,3,1.000,0,9,9,2,0,0,1,9,17,,greenaj01
139,Mitchell Robinson,25,NYK,C,6,0,115,7,14,.500,0,0,,7,14,.500,.500,3,8,.375,23,18,41,3,6,7,3,15,17,,robinmi01
140,Oshae Brissett,25,BOS,SF,10,0,55,6,11,.545,2,2,1.000,4,9,.444,.636,2,4,.500,3,11,14,0,3,2,1,2,16,,brissos01
141,Spencer Dinwiddie,30,LAL,PG,5,0,73,5,14,.357,2,8,.250,3,6,.500,.429,3,6,.500,1,6,7,8,2,1,1,7,15,,dinwisp01
142,Tristan Thompson,32,CLE,C,10,0,87,7,16,.438,0,0,,7,16,.438,.438,1,2,.500,10,10,20,10,1,5,2,9,15,,thomptr01
143,Josh Okogie,25,PHO,SG,4,0,29,5,9,.556,1,3,.333,4,6,.667,.611,3,6,.500,0,4,4,2,2,0,2,7,14,,okogijo01
144,Doug McDermott,32,IND,SF,10,0,64,5,11,.455,3,8,.375,2,3,.667,.591,0,0,,2,1,3,7,0,2,1,5,13,,mcderdo01
145,Duncan Robinson,29,MIA,SF,5,0,60,5,16,.313,3,13,.231,2,3,.667,.406,0,0,,0,5,5,6,2,0,5,6,13,,robindu01
146,Jalen Smith,23,IND,C,7,0,42,3,8,.375,2,4,.500,1,4,.250,.500,5,8,.625,7,7,14,2,2,1,4,8,13,,smithja04
147,Thomas Bryant,26,MIA,C,2,0,18,5,7,.714,0,2,.000,5,5,1.000,.714,2,3,.667,2,3,5,1,0,0,2,1,12,,bryanth01
148,Andre Jackson Jr.,22,MIL,SG,5,0,60,5,11,.455,2,6,.333,3,5,.600,.545,0,0,,5,6,11,10,5,1,3,10,12,,jacksan01
149,Xavier Tillman Sr.,25,BOS,PF,8,0,69,5,8,.625,1,1,1.000,4,7,.571,.688,1,1,1.000,4,10,14,3,3,3,3,7,12,,tillmxa01
150,Danilo Gallinari,35,MIL,SF,3,0,37,4,8,.500,0,2,.000,4,6,.667,.500,3,4,.750,1,8,9,2,0,0,1,0,11,,gallida01
151,Bones Hyland,23,LAC,PG,3,0,12,3,7,.429,1,5,.200,2,2,1.000,.500,4,4,1.000,0,2,2,4,0,0,1,0,11,,hylanbo01
152,Joe Ingles,36,ORL,SF,7,0,68,4,12,.333,2,7,.286,2,5,.400,.417,1,2,.500,2,11,13,12,3,0,0,3,11,,inglejo01
153,A.J. Lawson,23,DAL,SG,10,0,30,4,9,.444,2,6,.333,2,3,.667,.556,1,2,.500,1,2,3,0,0,1,0,1,11,,lawsoaj01
154,P.J. Tucker,38,LAC,PF,2,1,31,4,6,.667,3,4,.750,1,2,.500,.917,0,0,,3,0,3,0,0,0,3,6,11,,tuckepj01
155,Dean Wade,27,CLE,PF,3,1,63,4,13,.308,3,10,.300,1,3,.333,.423,0,0,,1,5,6,5,1,2,2,4,11,,wadede01
156,Jae Crowder,33,MIL,PF,4,0,42,3,12,.250,1,7,.143,2,5,.400,.292,2,2,1.000,2,4,6,2,0,2,0,4,9,,crowdja01
157,Kevin Love,35,MIA,PF,5,0,32,4,9,.444,1,4,.250,3,5,.600,.500,0,0,,1,13,14,4,0,0,2,2,9,,loveke01
158,Paul Reed,24,PHI,C,6,0,43,4,9,.444,0,0,,4,9,.444,.444,1,2,.500,9,7,16,2,1,3,3,7,9,,reedpa01
159,DaQuan Jeffries,26,NYK,SG,4,0,20,3,8,.375,2,5,.400,1,3,.333,.500,0,0,,1,3,4,0,1,0,0,2,8,,jeffrda01
160,Svi Mykhailiuk,26,BOS,SF,8,0,32,3,12,.250,2,9,.222,1,3,.333,.333,0,0,,1,4,5,1,1,0,2,3,8,,mykhasv01
161,Jarace Walker,20,IND,PF,9,0,31,3,10,.300,0,3,.000,3,7,.429,.300,2,3,.667,1,3,4,4,2,1,6,2,8,,walkeja02
162,Grayson Allen,28,PHO,SG,2,2,43,1,5,.200,1,5,.200,0,0,,.300,4,4,1.000,2,6,8,2,1,0,3,4,7,,allengr01
163,Jose Alvarado,25,NOP,PG,4,0,62,3,20,.150,1,14,.071,2,6,.333,.175,0,0,,0,4,4,9,5,1,4,3,7,,alvarjo01
164,Nassir Little,23,PHO,SF,4,0,14,3,5,.600,1,3,.333,2,2,1.000,.700,0,0,,0,1,1,0,0,0,0,2,7,,littlna01
165,Wendell Moore Jr.,22,MIN,SG,6,0,18,3,7,.429,1,4,.250,2,3,.667,.500,0,0,,0,2,2,2,1,0,1,3,7,,moorewe01
166,Jericho Sims,25,NYK,C,5,0,27,2,2,1.000,0,0,,2,2,1.000,1.000,3,4,.750,3,5,8,1,2,1,0,1,7,,simsje01
167,Julian Strawther,21,DEN,SF,3,0,16,2,6,.333,1,4,.250,1,2,.500,.417,2,4,.500,0,2,2,0,1,0,1,3,7,,strawju01
168,Gabe Vincent,27,LAL,PG,5,0,69,3,12,.250,1,7,.143,2,5,.400,.292,0,0,,1,7,8,3,2,0,3,8,7,,vincega01
169,Anthony Black,20,ORL,PG,2,0,11,3,7,.429,0,2,.000,3,5,.600,.429,0,0,,1,1,2,2,1,0,1,1,6,,blackan01
170,Josh Minott,21,MIN,SF,5,0,18,2,9,.222,2,5,.400,0,4,.000,.333,0,0,,1,4,5,3,0,0,0,2,6,,minotjo01
171,Chuma Okeke,25,ORL,SF,2,0,10,2,3,.667,1,2,.500,1,1,1.000,.833,1,1,1.000,0,0,0,1,0,0,0,0,6,,okekech01
172,Dwight Powell,32,DAL,C,13,0,44,1,3,.333,0,0,,1,3,.333,.333,4,6,.667,3,9,12,3,1,0,3,9,6,,poweldw01
173,Brandon Boston Jr.,22,LAC,SF,3,0,10,2,4,.500,0,0,,2,4,.500,.500,1,2,.500,1,1,2,1,0,0,0,2,5,,bostobr01
174,Jett Howard,20,ORL,SF,2,0,10,2,3,.667,1,1,1.000,1,2,.500,.833,0,0,,0,1,1,1,0,0,2,1,5,,howarje01
175,Shake Milton,27,NYK,SG,4,0,22,0,6,.000,0,2,.000,0,4,.000,.000,5,6,.833,0,1,1,2,1,0,0,0,5,,miltosh01
176,Zeke Nnaji,23,DEN,PF,3,0,14,2,3,.667,0,0,,2,3,.667,.667,1,2,.500,2,0,2,0,0,1,2,1,5,,nnajize01
177,Kendall Brown,20,IND,SG,7,0,25,2,6,.333,0,0,,2,6,.333,.333,0,0,,0,3,3,2,0,1,3,2,4,,brownke03
178,Dyson Daniels,20,NOP,PG,3,0,17,2,6,.333,0,2,.000,2,4,.500,.333,0,0,,0,2,2,0,2,0,1,0,4,,daniedy01
179,DeAndre Jordan,35,DEN,C,2,0,13,1,2,.500,0,0,,1,2,.500,.500,2,2,1.000,1,2,3,0,1,1,0,4,4,,jordade01
180,Jordan McLaughlin,27,MIN,PG,6,0,30,2,9,.222,0,5,.000,2,4,.500,.222,0,2,.000,0,4,4,2,0,0,2,1,4,,mclaujo01
181,Jalen Pickett,24,DEN,SG,3,0,11,2,3,.667,0,1,.000,2,2,1.000,.667,0,0,,0,1,1,1,0,1,0,1,4,,pickeja02
182,Neemias Queta,24,BOS,C,3,0,13,2,3,.667,0,0,,2,3,.667,.667,0,0,,1,2,3,0,0,1,0,0,4,,quetane01
183,Jaden Springer,21,BOS,PG,4,0,22,2,3,.667,0,0,,2,3,.667,.667,0,0,,0,3,3,1,0,1,2,1,4,,sprinja01
184,Kenrich Williams,29,OKC,PF,7,0,32,2,8,.250,0,5,.000,2,3,.667,.250,0,0,,1,7,8,3,1,0,0,3,4,,willike04
185,MarJon Beauchamp,23,MIL,SF,4,0,10,1,4,.250,0,2,.000,1,2,.500,.250,1,2,.500,0,1,1,2,0,0,1,1,3,,beaucma01
186,Caleb Houstan,21,ORL,SF,3,0,14,1,2,.500,1,2,.500,0,0,,.750,0,0,,1,1,2,0,0,0,0,0,3,,houstca01
187,Markieff Morris,34,DAL,PF,1,0,12,1,5,.200,1,3,.333,0,2,.000,.300,0,0,,0,4,4,0,0,0,1,1,3,,morrima02
188,Daniel Theis,31,LAC,C,1,0,4,1,1,1.000,1,1,1.000,0,0,,1.500,0,0,,0,1,1,0,0,0,0,0,3,,theisda01
189,Bol Bol,24,PHO,PF,3,0,13,1,3,.333,0,0,,1,3,.333,.333,0,0,,0,4,4,0,1,0,0,2,2,,bolbo01
190,Mamadi Diakite,27,NYK,PF,4,0,15,0,3,.000,0,2,.000,0,1,.000,.000,2,2,1.000,0,3,3,1,1,1,1,3,2,,diakima01
191,Ousmane Dieng,20,OKC,PF,4,0,7,1,2,.500,0,1,.000,1,1,1.000,.500,0,0,,0,0,0,0,0,0,0,0,2,,diengou01
192,Chris Livingston,20,MIL,SF,2,0,6,1,1,1.000,0,0,,1,1,1.000,1.000,0,3,.000,0,0,0,0,0,0,0,0,2,,livinch01
193,Jeremiah Robinson-Earl,23,NOP,PF,1,0,5,1,2,.500,0,0,,1,2,.500,.500,0,2,.000,1,0,1,1,0,0,0,0,2,,robinje02
194,Jordan Walsh,19,BOS,SF,3,0,11,1,3,.333,0,1,.000,1,2,.500,.333,0,0,,0,2,2,0,0,0,0,0,2,,walshjo01
195,Jaxson Hayes,23,LAL,C,4,0,24,0,2,.000,0,0,,0,2,.000,.000,1,2,.500,3,9,12,1,0,0,2,7,1,,hayesja02
196,James Johnson,36,IND,PF,1,0,1,0,0,,0,0,,0,0,,,1,2,.500,0,0,0,0,0,0,1,0,1,,johnsja01
197,Hunter Tyson,23,DEN,PF,3,0,14,0,4,.000,0,3,.000,0,1,.000,.000,1,2,.500,1,2,3,1,0,0,1,0,1,,tysonhu01
198,Thanasis Antetokounmpo,31,MIL,PF,2,0,5,0,0,,0,0,,0,0,,,0,0,,0,0,0,0,1,1,0,1,0,,antetth01
199,Goga Bitadze,24,ORL,C,2,0,10,0,2,.000,0,0,,0,2,.000,.000,0,0,,1,2,3,2,0,0,1,0,0,,bitadgo01
200,Kobe Brown,24,LAC,PF,3,0,10,0,0,,0,0,,0,0,,,0,0,,1,1,2,0,0,0,0,1,0,,brownko01
201,Jordan Hawkins,21,NOP,SG,3,0,12,0,4,.000,0,3,.000,0,1,.000,.000,0,0,,0,2,2,0,0,0,0,1,0,,hawkijo01
202,Gordon Hayward,33,OKC,SF,7,0,46,0,3,.000,0,0,,0,3,.000,.000,0,0,,1,12,13,3,1,1,0,2,0,,haywago01
203,Damian Jones,28,CLE,C,2,0,9,0,0,,0,0,,0,0,,,0,0,,1,1,2,2,0,1,2,0,0,,jonesda03
204,E.J. Liddell,23,NOP,PF,1,0,3,0,0,,0,0,,0,0,,,0,0,,0,1,1,0,0,0,0,0,0,,liddeej01
205,De'Anthony Melton,25,PHI,SG,1,0,7,0,2,.000,0,2,.000,0,0,,.000,0,0,,0,1,1,1,0,0,0,1,0,,meltode01
206,Leonard Miller,20,MIN,SF,3,0,7,0,1,.000,0,1,.000,0,0,,.000,0,0,,1,3,4,0,0,0,0,0,0,,millele01
207,Olivier-Maxence Prosper,21,DAL,PF,3,0,9,0,2,.000,0,0,,0,2,.000,.000,0,0,,0,3,3,1,0,0,0,0,0,,prospol01
208,Orlando Robinson,23,MIA,C,1,0,2,0,1,.000,0,1,.000,0,0,,.000,0,0,,0,1,1,1,0,0,0,0,0,,robinor01
209,David Roddy,22,PHO,PF,2,0,3,0,0,,0,0,,0,0,,,0,0,,0,0,0,0,0,0,0,0,0,,roddyda01
210,Matt Ryan,26,NOP,SF,1,0,3,0,1,.000,0,1,.000,0,0,,.000,0,0,,0,1,1,0,1,0,1,0,0,,ryanma01
211,Isaiah Thomas,34,PHO,PG,1,0,4,0,2,.000,0,1,.000,0,1,.000,.000,0,0,,0,0,0,0,0,0,1,0,0,,thomais02
212,T.J. Warren,30,MIN,SF,3,0,11,0,2,.000,0,1,.000,0,1,.000,.000,0,0,,2,1,3,1,0,0,0,0,0,,warretj01
213,Lindy Waters III,26,OKC,SG,3,0,9,0,1,.000,0,1,.000,0,0,,.000,0,0,,0,1,1,0,0,0,0,0,0,,waterli01
214,Thaddeus Young,35,PHO,PF,1,0,4,0,0,,0,0,,0,0,,,0,0,,0,0,0,0,0,0,0,0,0,,youngth01
,League Average,,,,,,,,,.462,,,.351,,,.535,.532,,,.779,,,,,,,,,,,-9999
